id,event_type,canonical_id,date_agreement,date_found,buyer,seller,capacity_mw,energy_gwh,tenure_years,country,technology,price_eur_mwh,source_url,source_outlet,publication_date,notes
312,N,,2025-05,2026-06-10,Start Campus,Schneider Electric,26.0,,,Portugal,mixed,,https://www.datacenterdynamics.com/br/not%C3%ADcias/start-campus-e-schneider-electric-promovem-o-maior-hub-de-data-center-de-ia-com-energia-100-renov%C3%A1vel-em-portugal/,Data Center Dynamics,2025-05-09,SIN01 data center project; energy 100% renewable; PPA for renewable energy supply
310,N,,2024,2026-06-10,Google,GoldenPeaks Capital (GPC),106.0,137.0,10.0,Poland,solar,,https://www.gramwzielone.pl/energia-wiatrowa/20314839/google-i-shell-przedluza-zycie-pierwszej-morskiej-farmy-wiatrowej-w-holandii,Gramwzielone.pl,2025-05-12,119 MWdc (106 MWac) solar installations; annual energy delivery over 137 GWh
309,N,,2023,2026-06-10,Google,Polsat Plus Group,50.4,,,Poland,wind onshore,,https://www.gramwzielone.pl/energia-wiatrowa/20314839/google-i-shell-przedluza-zycie-pierwszej-morskiej-farmy-wiatrowej-w-holandii,Gramwzielone.pl,2025-05-12,"Wind farm in Przyrów, Śląskie voivodeship"
307,N,,,2026-06-10,Endesa,Verbund Green Power,,,,Spain,wind,,https://elperiodicodelaenergia.com/trinasolar-suministrara-700-mw-de-modulos-fotovoltaicos-a-verbund-green-power/,El Periódico de la Energía,2025-05-08,PPA for energy from a wind park in Huelva
306,N,,2025-05-08,2026-06-10,Verbund Green Power,Trina Solar,700.0,,5.0,"Spain, Italy",solar,,https://elperiodicodelaenergia.com/trinasolar-suministrara-700-mw-de-modulos-fotovoltaicos-a-verbund-green-power/,El Periódico de la Energía,2025-05-08,Supply of 700 MW of photovoltaic modules for Verbund Green Power's solar projects in Spain and Italy
305,N,,2025-05-08,2026-06-10,"Renault, Dacia, Alpine",Iberdrola,282.0,,3.0,Spain,mixed,,https://cincodias.elpais.com/companias/2025-05-08/renault-e-iberdrola-firman-un-acuerdo-para-que-los-que-compren-un-coche-electrico-tengan-30000-kilometros-de-recarga-gratuita.html,Cinco Días,2025-05-08,"Renewable energy supply to Renault plants in Valladolid and Palencia; includes long-term renewable energy contracts, domestic renewable electricity supply, smart charging technologies, and potential vehicle-to-grid (V2G) integration. Part of a broader agreement for electric vehicle charging benefits."
304,N,,2025-01,2026-06-10,Pochet du Courval,ABO Wind,8.0,,20.0,France,solar,,https://www.lejournaldesentreprises.com/article/pochet-du-courval-investit-40-millions-deuros-dans-un-four-electrique-pour-reduire-ses-emissions-de-2119295,Le Journal des Entreprises,2025-05-12,Central photovoltaïque supplying electricity to Pochet du Courval's electric glass furnace; project name not specified
303,N,,2025,2026-06-10,Vattenfall,Return,100.0,,,Netherlands,other,,https://www.energy-storage.news/vattenfall-enters-into-industry-first-multi-site-virtual-bess-toll-with-terralayr-in-germany/,Energy-Storage.News,2025-05-06,100MW/200MWh BESS project; Vattenfall to optimize
302,N,,2025-05-05,2026-06-10,Vattenfall,Terralayr,55.0,,7.0,Germany,other,,https://www.energy-storage.news/vattenfall-enters-into-industry-first-multi-site-virtual-bess-toll-with-terralayr-in-germany/,Energy-Storage.News,2025-05-06,Multi-site virtual BESS toll; eight BESS projects; projects online by end of 2025; Terralayr's proprietary flexibility platform; Trina Storage involved in some projects
301,N,,2023-04,2026-06-10,Google,Eneco,153.0,,10.0,Netherlands,wind onshore,,https://www.datacenterdynamics.com/en/news/google-and-shell-sign-ppa-for-repowered-offshore-wind-farm-in-the-netherlands/,Data Center Dynamics,2025-05-07,Near-shore wind farms
300,N,,2025-02,2026-06-10,Google,"Shell, Eneco",478.0,,,Netherlands,wind offshore,,https://www.datacenterdynamics.com/en/news/google-and-shell-sign-ppa-for-repowered-offshore-wind-farm-in-the-netherlands/,Data Center Dynamics,2025-05-07,Hollandse Kust Noord Wind Farm Zone Site V and Hollandse Kust West Site VI wind farms under construction
297,N,,2024,2026-06-10,large European airline group,Twelve,,,14.0,Europe,other,,https://united.mediaroom.com/2025-05-06-Air-to-Jet-Fuel-United-Announces-Investment-in-Power-to-Liquid-Fuels-Company-Twelve,PR Newswire,2025-05-06,"SAF purchase agreement for 260 million gallons over 14 years; Twelve's AirPlant™ One facility in Moses Lake, Washington"
296,N,,,2026-06-10,Google,ERG,47.0,,,Italy,wind onshore,,https://carboncredits.com/google-shell-extend-noordzeewind-offshore-wind-farm/,CarbonCredits.com,2025-05-09,Google's first long-term deal in Italy; supports Italian offices and cloud regions
295,N,,2024-02,2026-06-10,Google,"Shell, Eneco",478.0,,,Netherlands,wind offshore,,https://carboncredits.com/google-shell-extend-noordzeewind-offshore-wind-farm/,CarbonCredits.com,2025-05-09,HKN V and HKW VI offshore wind farms; subsidy-free; 6% of Netherlands' electricity
294,N,,2025-05-09,2026-06-10,"Google, Shell",NoordzeeWind,108.0,,5.0,Netherlands,wind offshore,,https://carboncredits.com/google-shell-extend-noordzeewind-offshore-wind-farm/,CarbonCredits.com,2025-05-09,NoordzeeWind offshore wind farm life extension; 36 turbines; 27 sq km; 10-18 km offshore; DNV safety review
292,N,,2025-05-06,2026-06-10,Google,Shell,108.0,,4.0,Netherlands,wind offshore,,https://www.oedigital.com/news/525406-shell-and-google-enter-ppa-to-extend-life-of-first-dutch-offshore-wind-farm,Offshore Engineer Magazine,2025-05-06,NoordzeeWind project; life extension of existing wind farm
290,N,,2025-04-07,2026-06-10,Redevco Institutional GmbH,Enviria Energy Holding,2.3,2.13,,Germany,solar,,https://www.ruhrnachrichten.de/dortmund-west/indupark-shopping-center-geschaefte-solarstrom-pilotfunktion-redevco-enviria-vertrag-pv-anlage-2025-w1028861-2001649785/,Ruhr Nachrichten,2025-05-05,"Indupark Shopping Center, Dortmund; PV ready roof; 20,000 sqm roof area; 10,566 sqm PV modules; 998 tonnes CO2 saved annually; pilot project for 28 nationwide projects"
289,N,,2025-04-29,2026-06-10,HERON,Alterric,56.0,,7.0,Greece,wind onshore,,https://www.windbranche.de/news/presse/pm-8461-heron-und-alterric-schliessen-stromabnahmevertrag-ppa-mit-sieben-jahren-laufzeit,Windbranche.de,2025-04-29,"Wind park in Chalkidiki, Central Macedonia; project-specific PPAs for two new wind projects"
288,N,,2025-05,2026-06-10,Autoliv,Alight,100.0,,,Finland,solar,,https://www.pv-magazine.com/2025/04/30/alight-inaugurates-swedens-largest-solar-park/,pv magazine Global,2025-04-30,Finland’s largest PPA to date
287,N,,2025-04-30,2026-06-10,Axfood,Alight,64.0,63.0,10.0,Sweden,solar,,https://www.pv-magazine.com/2025/04/30/alight-inaugurates-swedens-largest-solar-park/,pv magazine Global,2025-04-30,Hallstavik solar park; supplies ~15% of Axfood’s annual power needs
286,N,,2025-05,2026-06-10,Keppel DC REIT,Greencoat Renewables,,31.5,10.0,Ireland,wind onshore,,https://www.rte.ie/news/business/2025/0501/1510510-greencoat-renewables-ppa-deal/,RTE.ie,2025-05-01,"Ballincollig Wind Farm, supplies two data centres in Dublin"
285,N,,2025-04-29,2026-06-10,Axpo,EDF Renewables Hellas,102.0,,,Greece,solar,,https://renews.biz/100264/axpo-edf-renewables-ink-ppa-in-greece/,reNEWS.BIZ,2025-04-29,"Skala Korinis and Loutsa solar power plants, Viotia region"
284,N,,2025-04-24,2026-06-10,Trafigura,Solaria,50.0,1000.0,10.0,Spain,solar,,https://solariaenergia.com/it/solaria-sottoscrive-un-ppa-decennale-con-trafigura/,Solaria – Energía y Medio Ambiente,2025-04-24,Project: Cifuentes-Trillo solar complex in Guadalajara; 626 MW total capacity (PPA covers 50 MW portion)
283,N,,2022,2026-06-10,Digital Realty,Acciona Energía,,,,Spain,mixed,,https://www.cope.es/programas/lo-que-viene/noticias/motivo-puedes-seguir-conectado-internet-pesar-gran-apagon-toda-espana-20250428_3140597.html,COPE,2025-04-28,"PPA for 100% renewable electricity for Digital Realty's Madrid data center (MAD4), 32 MW capacity mentioned but not confirmed as part of PPA"
282,N,,2025-04-23,2026-06-10,Codelco,Grenergy,,500.0,15.0,Chile,mixed,,https://www.pv-magazine.es/2025/04/23/empresas-espanolas-en-latamcox-y-grenergy/,pv magazine España,2025-04-23,"24/7 energy supply; hybrid platform including Monte Águila plant (340 MW with BESS); part of larger platform (4.6 GW solar, 18.3 GWh storage)"
281,N,,2018-09,2026-06-10,Windpark Ellhöft GmbH & Co. KG,Greenpeace Energy,1.3,,,Germany,wind onshore,,https://www.energie-experten.org/erneuerbare-energien/oekostrom/erneuerbare-energien-gesetz/power-purchase-agreements,energie-experten,2025-04-28,Windpark Ellhöft in Schleswig-Holstein
280,N,,2018-09,2026-06-10,Bürgerenergiegesellschaften,Statkraft,46.0,,,Germany,wind onshore,,https://www.energie-experten.org/erneuerbare-energien/oekostrom/erneuerbare-energien-gesetz/power-purchase-agreements,energie-experten,2025-04-28,"Windpark Schliekum, Kunst und Wind, Meerberg, Rebenstein, Bassum, Sonne und Wind"
279,N,,2019-09,2026-06-10,Greenpeace Energy,QUADRA Energy,50.0,,,Germany,wind onshore,,https://www.energie-experten.org/erneuerbare-energien/oekostrom/erneuerbare-energien-gesetz/power-purchase-agreements,energie-experten,2025-04-28,Windpark Dorna in Sachsen-Anhalt
278,N,,2019-11,2026-06-10,BayWa r.e.,BayWa r.e. Clean Energy Sourcing GmbH (CLENS),8.8,,,Germany,solar,,https://www.energie-experten.org/erneuerbare-energien/oekostrom/erneuerbare-energien-gesetz/power-purchase-agreements,energie-experten,2025-04-28,Solarpark Barth 5 in Mecklenburg-Vorpommern
277,N,,2020-08,2026-06-10,Statkraft,Anumar Naturstrom AG,50.0,,,Germany,solar,,https://www.energie-experten.org/erneuerbare-energien/oekostrom/erneuerbare-energien-gesetz/power-purchase-agreements,energie-experten,2025-04-28,Solarpark Schornhof
276,N,,2020-08,2026-06-10,RWE Supply & Trading,Waddenwind/ Topwind Consultancy B.V.,54.0,,,Netherlands,wind onshore,,https://www.energie-experten.org/erneuerbare-energien/oekostrom/erneuerbare-energien-gesetz/power-purchase-agreements,energie-experten,2025-04-28,Onshore-Windpark Waddenwind
275,N,,2025-04,2026-06-10,Bayerische Staatsforsten,"Primus Energie, Green Wind Energy",,,,Germany,wind onshore,,https://www.tz.de/bayern/aiwanger-windraeder-bayern-staatsforsten-22-neue-anlagen-93702031.html,TZ,2025-04-28,"Three wind parks in Pollenfeld (8 turbines, ~36,000 households), Schlüsselfeld (up to 5 turbines, ~25,000 households), Ipsheim (up to 9 turbines, ~41,000 households); project partners Primus Energie and Green Wind Energy; citizen participation up to 100% and 50% respectively"
274,N,,2024,2026-06-10,Lhyfe,EDP Renewables,64.6,69.0,,Germany,solar,,https://edp.com/en/media/news/edp-strengthens-presence-germany-second-large-scale-solar-project,EDP Global,2025-04-22,Meuselwitz solar project; supports green hydrogen production sites
273,U,,2025-04-28,2026-06-10,Polskie Elektrownie Jądrowe (PEJ),"Westinghouse, Bechtel",,,0.75,Poland,other,,https://notesfrompoland.com/2025/04/28/poland-signs-deal-with-us-consortium-to-continue-developing-first-nuclear-plant/,Notes From Poland,2025-04-28,"[UPDATE] Engineering Development Agreement (EDA) signed to continue cooperation for nine months, clarifying provisions for effective and legally compliant collaboration with Westinghouse-Bechtel consortium | First nuclear power plant project; engineering development agreement (EDA) for continued cooperation; Baltic Sea coast location; total project cost 192 billion zloty ($51 billion) | Original deal ID: None"
272,N,,,2026-06-10,"Greek industry, farmers (GAIA program)","Motor Oil Renewable Energy (MORE), PPC Renewables",882.4,,,Greece,solar,,https://balkangreenenergynews.com/more-puts-43-2-mw-wind-park-in-northern-greece-into-regular-operation/,Balkan Green Energy News,2025-04-24,"Project locations: Kozani (742.4 MW), Kilkis (92 MW), Serres (48 MW). Electricity sold via bilateral PPAs to Greek industry and farmers under GAIA program."
271,N,,2024-12,2026-06-10,Google,Copenhagen Infrastructure Partners (CIP),250.0,,,Netherlands,wind offshore,,https://www.tgs4c.com/news/fengmiao-i-secures-power-purchase-agreement-with-google-in-taiwan.-nid31050.html,TGS 4C Offshore,2025-04-23,Zeevonk Offshore Wind Farm
269,N,,2023,2026-06-10,Cisco,,,,,Spain,,,https://newsroom.cisco.com/c/r/newsroom/en/us/a/y2025/m04/a-cisco-strategy-to-support-clean-energy.html,Cisco Newsroom,2025-04-25,Most of Cisco’s offices in Europe
267,N,,2025-04-15,2026-06-10,Sonae Arauco,Capwatt Decentralized Solar Power,7.2,,10.0,Spain,solar,,https://www.pv-magazine.es/2025/04/15/un-fabricante-de-mobiliario-portugues-proyecta-un-autoconsumo-de-72-mwp-con-ppa-para-su-planta-de-valladolid/,pv magazine España,2025-04-15,"Project name: Sonae Arauco Valladolid; grid connection: 13.2 kV underground line, 290 m; covers ~25% of plant's electricity demand"
266,N,,,2026-06-10,undisclosed,RWE Renewables Iberia,19.8,,,Spain,wind onshore,,https://www.corresponsables.com/actualidad/rwe-parque-eolico-muel-transicion-energetica-economia-circular-aragon/,Corresponsables,2025-04-16,Muel wind farm repowering project; undisclosed PPA buyer; original capacity 16.2 MW replaced by 19.8 MW with 3 new 6.6 MW turbines
265,N,,2025-04,2026-06-10,PGE,LG Energy Solution Ltd.,,1.0,,Poland,other,,https://www.kedglobal.com/batteries/newsView/ked202504150009,KED Global,2025-04-15,1 GWh ESS battery deal for Poland’s state-owned utility company
264,N,,2025-04,2026-06-10,Omron Corp.,LG Energy Solution Ltd.,,2.0,5.0,Japan,other,,https://www.kedglobal.com/batteries/newsView/ked202504150009,KED Global,2025-04-15,LFP batteries for residential and commercial ESS applications
263,N,,2025-04,2026-06-10,Kimberly-Clark,BNZ,,164.0,,"Italy, Spain",solar,,https://ntplusdiritto.ilsole24ore.com/art/herbert-smith-freehills-e-dla-piper-primo-multi-country-virtual-power-purchase-agreement-bnz-kimberly-clark-AH7cgfE,Il Sole 24 ORE,2025-04-10,"Multi-country virtual PPA; projects: Camposcala and Rinaldone (Italy), Santa Catalina (Spain)"
262,N,,2026-05,2026-06-10,"Plenitude, Autostrade per l'Italia",,,,10.0,Italy,,,https://www.eni.com/it-IT/media/comunicati-stampa/2025/04/plenitude-e-autostrade-per-italia-sottoscrivono-un-ppa-di-10-anni.html,Eni,2025-04-10,
261,N,,2025,2026-06-10,undisclosed,RWE Renewables Iberia,19.8,,,Spain,wind onshore,,https://elperiodicodelaenergia.com/rwe-inicia-la-repotenciacion-del-parque-eolico-de-muel-en-zaragoza/,El Periódico de la Energía,2025-04-08,"Project: Muel wind farm repowering; 27 old turbines (16.2 MW total) replaced by 3 new turbines (6.6 MW each, 19.8 MW total); PPA signed with undisclosed buyer; repowering project in Zaragoza, Aragón, Spain"
260,N,,2024,2026-06-10,Covestro,bp,,,,Spain,solar,,https://www.corresponsables.com/actualidad/covestro-resiliencia-y-transformacion-innovacion-digital-y-sustentabilidad/,Corresponsables,2025-04-10,"PPA for renewable energy from a solar park in Spain; increases renewable energy share from 10% to 30% and reduces CO2 emissions by ~16,000 tonnes annually"
259,N,,2025-04,2026-06-10,undisclosed offtaker,RWE Renewables,19.8,,,Spain,wind onshore,,https://www.rwe.com/en/press/rwe-renewables-europe-australia/2025-04-08-rwe-starts-repowering-of-its-muel-wind-farm-in-spain/,RWE,2025-04-08,Muel wind farm repowering project; old capacity 16.2 MW replaced by 19.8 MW with 3 new turbines; commissioning planned for end of 2025
257,N,,2025,2026-06-10,,ib vogt,780.0,,,Greece,solar,,https://www.pveurope.eu/markets/greece-567-mw-new-solar-projects-rwe-and-ppc,pv Europe,2025-04-09,780 MW solar and storage portfolio sold to Faria Renewables
256,N,,2025-09-04,2026-06-10,"PPC, RWE Supply & Trading",Meton Energy S.A.,567.0,,10.0,Greece,solar,,https://www.pveurope.eu/markets/greece-567-mw-new-solar-projects-rwe-and-ppc,pv Europe,2025-04-09,"Kotyli and Neo Syrakio solar farms; €418 million investment; EU Recovery and Resilience Facility backing; projects in Central Macedonia, Northern Greece"
255,N,,2025-04,2026-06-10,"Gresham House, Octopus Energy",,568.0,,2.0,United Kingdom,other,,https://www.ess-news.com/2025/04/09/the-rise-of-bankable-bess-projects-in-europe/,ESS News,2025-04-09,Tolling deal
254,N,,2025-04,2026-06-10,Nofar Energy,,104.5,,7.0,Germany,other,,https://www.ess-news.com/2025/04/09/the-rise-of-bankable-bess-projects-in-europe/,ESS News,2025-04-09,Rechtenbach BESS project; tolling agreement
253,N,,2025-04-09,2026-06-10,"RWE, PPC Renewables",Meton Energy,567.0,,10.0,Greece,solar,,https://www.pv-tech.org/rwe-ppc-renewables-to-build-567mw-of-pv-in-greece/,PV Tech,2025-04-09,Joint venture project; two solar PV projects in Central Macedonia; construction start Spring 2025; operations 2027; €418 million investment; €175 million EU NextGenerationEU funding; €169 million commercial debt financing
252,N,,2025-04-13,2026-06-10,Amazon,OX2,105.0,,,Finland,wind onshore,,https://www.datacenterdynamics.com/en/news/amazon-signs-ppa-with-ox2-for-472mw-of-onshore-wind-power-in-finland/,Data Center Dynamics,2025-04-13,"Honkakangas wind farm, construction begins 2025, completion 2027"
251,N,,2025-04-13,2026-06-10,Amazon,OX2,367.0,,,Finland,wind onshore,,https://www.datacenterdynamics.com/en/news/amazon-signs-ppa-with-ox2-for-472mw-of-onshore-wind-power-in-finland/,Data Center Dynamics,2025-04-13,"Rajamäenkylä wind farm, construction begins 2025, completion 2028"
249,N,,2024-04,2026-06-10,Keppel DC REIT Ireland,"solar farms in Goresbridge, County Kilkenny and Gorey, County Wexford",,11.0,,Ireland,solar,,https://datacentremagazine.com/company-reports/keppel-dc-reit-ireland-creating-a-sustainable-future-for-ir,Data Centre Magazine,2025-04-04,VPPA for two solar farms in Goresbridge (County Kilkenny) and Gorey (County Wexford)
248,N,,2024-04,2026-06-10,Keppel DC REIT Ireland,"wind farm in Ballybane, County Cork",,67.0,,Ireland,wind onshore,,https://datacentremagazine.com/company-reports/keppel-dc-reit-ireland-creating-a-sustainable-future-for-ir,Data Centre Magazine,2025-04-04,"VPPA for recommissioned wind farm in Ballybane, County Cork"
247,N,,2025-02-04,2026-06-10,Flower International,Locus Energy,,180.0,,Sweden,wind onshore,,https://via.tt.se/pressmeddelande/3853477/flower-enters-180-gwh-ppa-with-locus-energy-to-supply-stable-clean-power-to-businesses?publisherId=3237122&lang=en,Via TT,2025-04-02,"11 wind farms across Sweden’s SE2, SE3, SE4 regions; largest wind farm generates 65 GWh/year; physical pay-as-produced PPA"
246,N,,2025-04-01,2026-06-10,Telehouse International Corporation Europe,RWE,,,,United Kingdom,wind offshore,,https://www.offshorewind.biz/2025/04/01/five-uk-co-operatives-to-buy-electricity-from-rwes-london-array-offshore-wind-farm/,offshoreWIND.biz,2025-04-01,London Docklands campus; London Array offshore wind farm
245,N,,2025-04-01,2026-06-10,"Lincolnshire Co-op, Scotmid Co-op, East of England Co-op, Southern Co-op, Central Co-op",RWE,630.0,53.0,10.0,United Kingdom,wind offshore,,https://www.offshorewind.biz/2025/04/01/five-uk-co-operatives-to-buy-electricity-from-rwes-london-array-offshore-wind-farm/,offshoreWIND.biz,2025-04-01,"London Array offshore wind farm; 175 Siemens Gamesa 3.6 MW turbines; operated by RWE; owned by RWE (30%), Caisse de dépôt et placement du Québec, Greencoat UK Wind PLC, Masdar Energy UK Limited"
244,N,,2025-04-07,2026-06-10,"PPC, RWE Supply & Trading",Meton Energy S.A.,567.0,,10.0,Greece,solar,,https://www.rwe.com/en/press/rwe-renewables-europe-australia/2025-04-07-rwe-and-ppc-to-build-new-solar-projects-of-567-mwp-in-central-macedonia/,RWE,2025-04-07,"Projects: Kotyli and Neo Syrakio; total investment €418 million; €175 million from RRF (Greece 2.0), €169 million commercial debt; construction start spring 2025, commissioning 2027"
243,N,,,2026-06-10,five UK co-operatives,RWE,,,,United Kingdom,mixed,,https://www.shoosmiths.com/perspectives/news/shoosmiths-advises-five-uk-co-operatives-and-rwe-sign-ppa-to-supply-renewable-energy-across-over-400-locations,Shoosmiths,2025-04-02,project supplying renewable energy across over 400 locations
242,N,,2025,2026-06-10,OVHcloud,Sunnic Lighthouse GmbH,,,10.0,Germany,solar,,https://www.datacenterdynamics.com/en/news/ovhcloud-signs-10-year-ppa-with-sunnic-lighthouse-to-power-german-data-center/,Data Center Dynamics,2025-04-02,Limburg an der Lahn data center; PPA not tied to a specific project; sourced from Enerparc AG solar portfolio
241,N,,2023,2026-06-10,Faerch,Better Energy,,,,Poland,solar,,https://www.gramwzielone.pl/energia-wiatrowa/20309027/eurowind-energy-zabezpiecza-budowe-farmy-wiatrowej-w-polsce-umowa-ppa,Gramwzielone.pl,2025-03-31,Two solar farms: Polanów and Postomino; enables Faerch to source over 85% renewable energy in Poland by 2027
240,N,,2025-03-31,2026-06-10,Faerch,Eurowind Energy,,70.0,10.0,Poland,wind onshore,,https://www.gramwzielone.pl/energia-wiatrowa/20309027/eurowind-energy-zabezpiecza-budowe-farmy-wiatrowej-w-polsce-umowa-ppa,Gramwzielone.pl,2025-03-31,Farma wiatrowa Nowogródek; 13 turbines (Vestas V110 - 2.2 MW); planned operational start: early 2027
239,N,,2025-03,2026-06-10,,Greenvolt Next,14.0,,,France,solar,,https://www.pv-magazine.fr/2025/03/31/lacteur-de-la-semaine-greenvolt-next-arrive-en-france-et-veut-installer-125-mw-de-capacite-dici-a-2028/,pv magazine France,2025-03-31,Signed firm orders in France (part of 75 MW PPA target by 2028)
238,N,,2025-03,2026-06-10,Eli Lilly,Greenvolt Next,9.5,,,Ireland,solar,,https://www.pv-magazine.fr/2025/03/31/lacteur-de-la-semaine-greenvolt-next-arrive-en-france-et-veut-installer-125-mw-de-capacite-dici-a-2028/,pv magazine France,2025-03-31,Centrale solaire pour consommation du laboratoire pharmaceutique Eli Lilly
237,N,,2023-11-29,2026-06-10,Mondelēz International,Ilmatar,38.4,125.0,10.0,Finland,wind onshore,,https://renews.biz/99714/ilmatar-agrees-sale-of-finnish-wind-farm/,reNEWS.BIZ,2025-03-31,"Korpilevonmäki wind farm; 6 turbines; UB Renewable Energy Fund acquires 40% stake initially, 60% upon conditions; commercial production began March 2025"
236,N,,2024,2026-06-10,Lhyfe,EDP Renováveis,,,,Germany,other,,https://edp.com/pt/media/noticias/edp-ultrapassa-marco-de-15-gw-de-capacidade-contratada-em-ppa-nivel-global,EDP Global,2025-03-27,"First long-term energy acquisition contract in Germany, secured via Kronos Solar"
235,N,,2024,2026-06-10,large technology company,EDP Renováveis,184.0,,,Europe,mixed,,https://edp.com/pt/media/noticias/edp-ultrapassa-marco-de-15-gw-de-capacidade-contratada-em-ppa-nivel-global,EDP Global,2025-03-27,
232,N,,2025-03,2026-06-10,Stellantis,Prosolia Energy,18.3,22.7,,Spain,solar,,https://www.energias-renovables.com/autoconsumo/esta-es-la-mayor-planta-de-autoconsumo-20250326,"Energías Renovables, el periodismo de las energías limpias.",2025-03-26,Stellantis Vigo factory rooftop solar PPA; largest rooftop solar plant in Spain for self-consumption
231,N,,2024,2026-06-10,Masdar,Endesa,2000.0,,15.0,Spain,solar,,https://www.elperiodico.com/es/economia/20250327/abu-dabi-compras-renovables-espana-naturgy-masdar-taqa-115746240,El Periódico,2025-03-27,"49.99% stake in a large portfolio of solar parks, PPA for 15 years included"
230,N,,2025-03,2026-06-10,Masdar,Endesa,446.0,,15.0,Spain,solar,,https://www.elperiodico.com/es/economia/20250327/abu-dabi-compras-renovables-espana-naturgy-masdar-taqa-115746240,El Periódico,2025-03-27,"49.99% stake in a portfolio of photovoltaic plants, PPA for 15 years included"
229,N,,2025-03,2026-06-10,Masdar,"Genia Solar, Solar Ventures",234.0,,,Spain,solar,,https://www.elperiodico.com/es/economia/20250327/abu-dabi-compras-renovables-espana-naturgy-masdar-taqa-115746240,El Periódico,2025-03-27,"Valle Solar project, hybridation potential with batteries up to 259 MW, expected operational in first half of 2027"
228,N,,2025,2026-06-10,Amazon,ERG,47.3,2500.0,,United Kingdom,wind onshore,,https://impact-investor.com/infranity-leads-e350m-financing-for-ifm-funds-holding-in-renewables-firm-erg/,Impact Investor,2025-03-26,"Corlacky Hill wind farm, Northern Ireland"
227,N,,2024-04,2026-06-10,Apple,ib vogt,105.0,,,Spain,solar,,https://www.datacenterdynamics.com/en/news/ib-vogt-commences-construction-on-2999mw-malaysian-solar-project-backed-by-airtrunk-ppa/,Data Center Dynamics,2025-03-24,"Castaño Solar project, province of Segovia, northwest of Madrid"
226,N,,2025-03,2026-06-10,"Carnival UK, P&O Cruises",Malta,,,,Malta,mixed,,http://crew-center.com/malta-and-carnival-corporation-sign-shore-power-agreement,Crew Center,2025-03-27,Shore-to-Ship power system for cruise ships; integrates solar and wind sources; Mediterranean's first PPA
225,N,,2023,2026-06-10,Kimberly-Clark,onshore wind farm developer,,160.0,,United Kingdom,wind onshore,,https://www.nonwovens-industry.com/breaking-news/kimberly-clark-announces-green-initiatives-at-german-site/,Nonwovens Industry -,2025-03-25,"£75 million onshore wind farm in Scotland, UK"
224,N,,2025-01,2026-06-10,Kimberly-Clark,local solar PV developer,,6.5,,Spain,solar,,https://www.nonwovens-industry.com/breaking-news/kimberly-clark-announces-green-initiatives-at-german-site/,Nonwovens Industry -,2025-03-25,"Rooftop solar PV system at Salamanca facility, Spain"
223,N,,2025-03,2026-06-10,Kimberly-Clark,portfolio of European renewable energy generators,,,,"Italy, Spain",solar,,https://www.nonwovens-industry.com/breaking-news/kimberly-clark-announces-green-initiatives-at-german-site/,Nonwovens Industry -,2025-03-25,Three virtual solar PPAs covering Koblenz facility electricity demand; project name not specified
222,N,,2025-03,2026-06-10,PGE Polska Grupa Energetyczna,LG Energy Solution,,0.981,2.0,Poland,other,,https://www.lgcorp.com/media/release/28777,LG Corp,2025-03-25,"Grid-scale ESS batteries project in Żarnowiec, Poland; turnkey solution with EPC services; first grid-scale ESS batteries manufactured at LG Energy Solution’s Poland facility"
221,N,,2023-12-28,2026-06-10,,LONGi,576.0,,,Romania,solar,,https://renews.biz/99568/rpower-inks-first-long-term-ppa-in-romania/,reNEWS.BIZ,2025-03-24,LONGi strikes 576MW Romanian solar deal
220,N,,2026-01-06,2026-06-10,,,200.0,,,Romania,solar,,https://renews.biz/99568/rpower-inks-first-long-term-ppa-in-romania/,reNEWS.BIZ,2025-03-24,D.Trading signs 200MW Romanian solar PPA
219,N,,2025-03-24,2026-06-10,local trading company,RPower,,357.0,10.0,Romania,solar,,https://renews.biz/99568/rpower-inks-first-long-term-ppa-in-romania/,reNEWS.BIZ,2025-03-24,RPower's first long-term PPA in Romania; contract duration 2026-2036
218,N,,2025-03-26,2026-06-10,Borussia Dortmund,JA Solar,4.2,,,Germany,solar,,https://balkangreenenergynews.com/solar-power-to-energize-european-football-uefa-teaming-up-with-solarpower-europe/,Balkan Green Energy News,2025-03-27,Largest PV system on a stadium roof; Signal Iduna Park installation
216,N,,2025-02,2026-06-10,Kimberly-Clark,BNZ,98.0,,,Spain,solar,,https://www.pv-magazine.com/2025/03/25/european-ppa-prices-down-in-february-amid-lower-deal-volumes-says-pexapark/,pv magazine Global,2025-03-25,Multi-country solar PPA
215,N,,2025-02,2026-06-10,Energize Program,X-Elio,130.0,,,Spain,solar,,https://www.pv-magazine.com/2025/03/25/european-ppa-prices-down-in-february-amid-lower-deal-volumes-says-pexapark/,pv magazine Global,2025-03-25,Virtual multi-buyer PPA
214,N,,2025-02,2026-06-10,Dŵr Cymru (Welsh Water),Innova,15.0,,40.0,United Kingdom,solar,,https://www.pv-magazine.com/2025/03/25/european-ppa-prices-down-in-february-amid-lower-deal-volumes-says-pexapark/,pv magazine Global,2025-03-25,Wrexham and Cefn solar farms; construction set for 2025
213,N,,2024,2026-06-10,Snop,EDP,,,,"France, Spain, Germany",solar,,https://edp.com/en/media/news/edp-surpasses-milestone-15-gw-contracted-capacity-ppa-worldwide,EDP Global,2025-03-27,Decentralised solar energy for factories
212,N,,2024,2026-06-10,major technology company,EDP,184.0,,,Europe,mixed,,https://edp.com/en/media/news/edp-surpasses-milestone-15-gw-contracted-capacity-ppa-worldwide,EDP Global,2025-03-27,
211,N,,2025-02,2026-06-10,,Innova,15.0,,40.0,United Kingdom,solar,,https://www.pv-tech.org/europe-decline-number-ppas-signed-power-capacity-contracted-february/,PV Tech,2025-03-25,"Welsh solar portfolio, longest-term PPA in history"
208,N,,,2026-06-10,Edison Energia,Prysmian,,,,Italy,,,https://www.rinnovabili.it/mercato/le-aziende-informano/prysmian-edison-energia-ppa-pluriennale/,Rinnovabili,2025-03-17,PPA for renewable energy supply
206,N,,2025-03-18,2026-06-10,A2A,ContourGlobal,18.0,113.0,10.0,Italy,solar,,https://www.renewablematter.eu/fotovoltaico-contourglobal-a2a-ppa-decennale,Materia Rinnovabile | Renewable Matter,2025-03-18,Repowering of existing solar plants; 71 plants in 14 Italian regions; 35 plants undergoing advanced revamping/repowering; 97% recycling rate for decommissioned PV modules; deliveries staggered May 2025–June 2026
205,N,,2024,2026-06-10,Gestamp,,,,,"Portugal, Hungary, Slovakia, Czech Republic",solar,,https://cronicavasca.elespanol.com/empresas/20250319/gestamp-suministro-renovable-la-presion-descarbonizar-automocion/932156796_0.html,Crónica Vasca,2025-03-19,"PPA for European plants (Portugal, Hungary, Slovakia, Czech Republic) starting 2026, 10-year tenure"
203,N,,2024-12,2026-06-10,Saint-Gobain,TotalEnergies,,,,France,renewable,,https://www.capital.fr/economie-politique/tarifs-de-lelectricite-le-courant-ne-passe-plus-entre-le-pdg-de-saint-gobain-et-edf-1510668,Capital.fr,2025-03-21,Contract for renewable electricity to power Saint-Gobain's industrial sites in France; effective January 2026
201,N,,,2026-06-10,Lidl,RWE,,,,United Kingdom,wind offshore,,https://www.offshorewind.biz/2025/03/17/rwe-signs-long-term-ppa-for-630-mw-uk-offshore-wind-farm/,offshoreWIND.biz,2025-03-17,Offshore wind power purchase in UK
200,N,,2025-03-17,2026-06-10,Telehouse International Corporation Europe,RWE,630.0,,10.0,United Kingdom,wind offshore,,https://www.offshorewind.biz/2025/03/17/rwe-signs-long-term-ppa-for-630-mw-uk-offshore-wind-farm/,offshoreWIND.biz,2025-03-17,"London Array offshore wind farm, supply to Telehouse’s London Docklands campus until end of 2035"
198,N,,2025-03-18,2026-06-10,Two blue-chip companies,European Energy,215.0,262.0,,Denmark,solar,,"https://news.cision.com/alight/r/alight-expands-into-denmark-with-acquisition-of-215-mwp-solar-park-from-european-energy,c4119967",Cision News,2025-03-18,Lidsø solar park; 215 MWp capacity; 262 GWh annual production; commissioned in 2025
197,N,,2025-03-21,2026-06-10,Google,Exus Renewables,35.0,136.0,10.0,Spain,wind onshore,,https://www.datacenterdynamics.com/en/news/google-signs-35mw-wind-ppa-with-exus-renewables-in-spain/,Data Center Dynamics,2025-03-21,Cascante wind farm (51MW total capacity); supports Google's 24/7 carbon-free energy progress in Spain
196,N,,2025-03-17,2026-06-10,Prysmian,Edison Energia,150.0,,,Italy,solar,,https://www.prysmian.com/en/media/press-releases/prysmian-and-edison-energia-sign-a-multi-year-agreement-for-the-supply-of-renewable-energy,Prysmian,2025-03-17,Photovoltaic plant in Viterbo province; supplies ~25% of Prysmian's annual electricity consumption in Italy
195,N,,2025-03-17,2026-06-10,Telehouse International Corporation of Europe,RWE,,,10.0,United Kingdom,wind offshore,,https://www.rwe.com/en/press/rwe-supply-and-trading/2025-03-17-rwe-signs-ppa-with-telehouse/,RWE,2025-03-17,London Array offshore wind farm; energy supplied to Telehouse’s London Docklands campus
194,N,,2026-06-10,2026-06-10,TotalEnergies,RWE,300.0,,15.0,Germany,other,,https://www.energiaitalia.news/news/idrogeno/idrogeno-verde-germania-accordo-storico-tra-totalenergies-e-rwe-per-la-decarbonizzazione-delle-raffinerie-in-sassonia/54139/,Energia Italia NEWS,2025-03-12,Project: GET H2 Nucleus electrolyzer in Lingen; delivery to TotalEnergies' Leuna refinery in Saxony-Anhalt; hydrogen green PPA
193,N,,2025-03-13,2026-06-10,TotalEnergies,RWE,,,15.0,Germany,other,,https://www.pv-magazine.es/2025/03/13/rwe-y-totalenergies-acuerdan-un-ppa-de-hidrogeno-a-15-anos-en-alemania/,pv magazine España,2025-03-13,"Hydrogen PPA for TotalEnergies' Leuna refinery; RWE's 300 MW GET H2 Nukleus electrolyzer plant in Lingen (2027); 30,000 metric tons of green hydrogen annually from 2030-2044"
192,N,,2025-03-14,2026-06-10,Stellantis,Prosolia Energy,120.0,,,"France, Germany",mixed,,https://www.pv-magazine.es/2025/03/14/stellantis-y-prosolia-firman-un-ppa-por-120-mw-para-las-fabricas-de-francia-y-alemania/,pv magazine España,2025-03-14,"Eight projects (five in France, three in Germany) totaling 119.6 MW; France: Hordain (109.6 MW), Mulhouse, Rennes, Sept-Fons, Sochaux; Germany: Kaiserlautern, Rüsselsheim, Bochum (10 MW)"
191,N,,2025-01,2026-06-10,Cámara de Comercio de Gijón,TotalEnergies,0.38,,15.0,Spain,solar,,https://www.estrategia.net/noticias/totalenergies-presenta-una-nueva-instalacion-fotovoltaica-en-el-pabellon-central-del-recinto-ferial-de-gijon,Estrategia Empresarial,2025-03-11,Pabellón Central del Recinto Ferial de Gijón; 380 kWp installation; replaces 23% of venue's electricity; CO₂ savings of 136 tonnes/year
190,N,,2024,2026-06-10,Air Liquide,Iberdrola,25.0,,,"Spain, Portugal",wind onshore,,https://www.elconciso.es/energia/air-liquide-espana-energia-renovable-iberdrola_0_2003522862.html,El Conciso,2025-03-14,"Projects in Castilla y León and Asturias; Air Liquide facilities in Andalusia (Los Barrios, Huelva, Alcalá de Guadaíra, Málaga, Huércal de Almería)"
189,N,,2025-03-12,2026-06-10,Qualcomm Incorporated,Recurrent Energy,,50.0,,Spain,solar,,https://elperiodicodelaenergia.com/recurrent-energy-firma-un-ppa-con-qualcomm-para-un-proyecto-solar-en-espana/,El Periódico de la Energía,2025-03-12,"Project developed by Recurrent Energy in Spain; Qualcomm to receive 50,000 MWh annually; 15,000 households supplied; 8,000 tons CO2 avoided per year"
188,N,,2025-03-14,2026-06-10,Air Liquide,Iberdrola,25.0,,,Spain,wind onshore,,https://es.finance.yahoo.com/noticias/iberdrola-air-liquide-unen-alianza-120000091.html,Yahoo,2025-03-14,Projects in Castilla y León and Asturias; Air Liquide's operations in Spain and Portugal
186,N,,2025-03,2026-06-10,industrial company in the chemical sector,EDF,,,15.0,France,nuclear,70.0,https://www.revolution-energetique.com/actus/toujours-trop-chere-lelectricite-nucleaire-dedf-ne-seduit-pas-les-grands-industriels/,Révolution Énergétique,2025-03-14,CAPN (Contrat d'Allocation de Production Nucléaire) — first signed contract under new auction system replacing ARENH. Single deal finalized as of March 2025.
185,N,,2023,2026-06-10,Asahi Europe & International (AEI),European Energy,19.0,,,United Kingdom,solar,,https://www.solarpowerportal.co.uk/solar-investment/alphareal-acquires-five-uk-solar-assets-in-160-million-transaction,Solar Power Portal,2025-03-14,Marksbury Plain Solar Farm in Bath
184,N,,2025-03-12,2026-06-10,US tech giant,Nexwell Power,145.0,2.9,15.0,Spain,solar,,https://www.pv-tech.org/nexwell-power-inks-145mw-spanish-ppas-with-us-tech-giant/,PV Tech,2025-03-12,Hybrid projects with utility-scale batteries; potential expansion to 250MW PV and 1.9GWh additional power
182,N,,2018,2026-06-10,Boliden AB,,,,,Sweden,wind onshore,,https://www.energyconnects.com/news/renewables/2025/march/investors-learn-brutal-lesson-from-sweden-s-wind-farm-woes/,Energy Connects,2025-03-11,Aldermyrberget wind park; financial distress due to PPA
181,N,,2018,2026-06-10,Norsk Hydro ASA,Markbygden Ett AB,,1650.0,19.0,Sweden,wind onshore,25.0,https://www.energyconnects.com/news/renewables/2025/march/investors-learn-brutal-lesson-from-sweden-s-wind-farm-woes/,Energy Connects,2025-03-11,Markbygden Ett wind park project; PPA canceled in 2024
180,N,,2025-06-09,2026-06-10,Renfe,Sonnedix,,420.0,,Spain,solar,,https://www.enlit.world/library/scatec-inks-ppa-with-egypt-aluminium-for-1gw-solar-storage-project,Enlit World,2025-03-14,420GWh PPA with Spanish rail operator Renfe for commercial operations
179,N,,2023-07-11,2026-06-10,"Vodafone, Iberdrola",Iberdrola,,,,"Spain, Portugal, Germany",solar,,https://www.enlit.world/library/scatec-inks-ppa-with-egypt-aluminium-for-1gw-solar-storage-project,Enlit World,2025-03-14,"PPAs signed in Spain, Portugal, and Germany"
178,N,,,2026-06-10,Air Liquide,Iberdrola,,,,"Spain, Portugal",,,https://www.iberdrola.com/press-room/news/detail/iberdrola-and-air-liquide-sign-a-ppa-to-decarbonize-industrial-production-in-spain-and-portugal,Iberdrola,2025-03-14,decarbonization of industrial production
176,N,,2025-03,2026-06-10,Amazon,Iberdrola,257.0,,,Spain,mixed,,https://www.elcorreodeburgos.com/burgos/provincia/250303/233975/parque-eolico-valdemoro-encabeza-17-nuevos-proyectos-energeticos-amazon-e-iberdrola.html,El Correo de Burgos,2025-03-03,Aggregate capacity from two Castilla y León projects (Valdemoro wind 49.5 MW + Ciudad Rodrigo solar 212 MW)
175,N,,2025-03,2026-06-10,Amazon,Iberdrola,212.0,,,Spain,solar,,https://www.elcorreodeburgos.com/burgos/provincia/250303/233975/parque-eolico-valdemoro-encabeza-17-nuevos-proyectos-energeticos-amazon-e-iberdrola.html,El Correo de Burgos,2025-03-03,"Planta solar fotovoltaica de Ciudad Rodrigo, Salamanca; capacity 316 MW total (212 MW for Amazon PPA)"
174,N,,2025-03,2026-06-10,Amazon,Iberdrola,49.5,,,Spain,wind onshore,,https://www.elcorreodeburgos.com/burgos/provincia/250303/233975/parque-eolico-valdemoro-encabeza-17-nuevos-proyectos-energeticos-amazon-e-iberdrola.html,El Correo de Burgos,2025-03-03,"Parque eólico de Valdemoro, Burgos; 11 aerogeneradores; supplies ~48,000 households"
173,N,,2025-03,2026-06-10,GLP Clean Energy,"Energy Partners GmbH (MaxSolar GmbH, Greenvolt Group)",23.0,,,Germany,solar,,https://www.pv-magazine.es/2025/03/04/greenvolt-entra-en-almacenamiento-a-gran-escala-en-polonia/,pv magazine España,2025-03-04,10 rooftop PV projects; first project (3.8 MW) completed in Mönchengladbach in February 2025; PPA for in-situ energy supply to GLP tenants; remunerated under EEG
171,N,,2023-12,2026-06-10,"industrial electro-intensive companies (metallurgy, glassmaking, chemicals)",EDF,,,10.0,France,nuclear,,https://www.bfmtv.com/economie/entreprises/energie/edf-veut-mettre-son-electricite-nucleaire-aux-encheres-en-europe_AD-202503060876.html,BFM,2025-03-06,"Contracts for Allocation of Nuclear Production (CAPN) — initial nine letters of intent signed, one firm contract completed; delivery in France; designed to replace ARENH mechanism ending 2025"
170,N,,2025-01,2026-06-10,unspecified data center operator,EDF,,,12.0,France,nuclear,,https://www.capital.fr/entreprises-marches/edf-va-mettre-aux-encheres-son-energie-nucleaire-en-europe-et-gagner-en-visibilite-1510110,Capital.fr,2025-03-07,nuclear energy supply for 12 years to a major data center operator in France
169,N,,2025-01-06,2026-06-10,ArcelorMittal,EDF,,,18.0,France,nuclear,,https://www.capital.fr/entreprises-marches/edf-va-mettre-aux-encheres-son-energie-nucleaire-en-europe-et-gagner-en-visibilite-1510110,Capital.fr,2025-03-07,CAPN (Contrat d'Allocation de Production Nucléaire); first deliveries started 2025-01-01
168,N,,2024-12,2026-06-10,unnamed major global energy corporation,Nofar Energy,104.5,209.0,7.0,Germany,other,,https://www.ess-news.com/2025/03/05/germanys-first-tolled-bess-secures-project-financing/,ESS News,2025-03-05,Stendal BESS project; seven-year fixed-price flexibility purchase agreement (FPA); first tolled BESS in continental Europe
167,N,,2025-03,2026-06-10,Amazon Web Services,GE Vernova,,,,"United States, Europe, Asia",other,,https://www.rechargenews.com/energy-transition/amazon-and-ge-vernova-link-for-data-centre-power/2-1-1788203,Recharge News,2025-03-05,"strategic deal covering North America, Europe and Asia for data centre power"
166,N,,2024-05,2026-06-10,Microsoft,"SSE Renewables, FuturEnergy Ireland",30.0,,,Ireland,wind onshore,,https://www.datacenterdynamics.com/en/news/microsoft-signs-two-ppas-with-energia-for-onshore-wind-power-in-ireland/,Data Center Dynamics,2025-03-07,"Lenalea Wind Farm, County Donegal"
165,N,,2022-11,2026-06-10,Microsoft,Energia,,,,Ireland,wind onshore,,https://www.datacenterdynamics.com/en/news/microsoft-signs-two-ppas-with-energia-for-onshore-wind-power-in-ireland/,Data Center Dynamics,2025-03-07,Previous PPA signed in November 2022
163,N,,2025-03-07,2026-06-10,Microsoft,Energia,25.0,,,Ireland,wind onshore,,https://www.datacenterdynamics.com/en/news/microsoft-signs-two-ppas-with-energia-for-onshore-wind-power-in-ireland/,Data Center Dynamics,2025-03-07,"Ballylongford Wind Farm, County Clare"
162,N,,2025-03-05,2026-06-10,Kimberly-Clark,BNZ,,164.0,,"Italy, Spain",solar,,https://energydigital.com/articles/kimberly-clark-solar-power-to-make-kleenex-greener,Energy Digital,2025-03-05,"Three vPPAs: two projects in Italy (Camposcala, Rinaldone) and one in Spain (Santa Catalina); energy equivalent to 40% of Kimberly-Clark’s European manufacturing electricity consumption"
161,N,,2025-03-06,2026-06-10,Klimaoprema,Axpo,,17.5,10.0,Croatia,mixed,,https://balkangreenenergynews.com/axpo-signs-its-first-long-term-corporate-ppa-in-croatia/,Balkan Green Energy News,2025-03-06,First long-term corporate PPA in Croatia; covers production sites in Nova Gradiška and Samobor; facilitated by KOER aggregator
160,N,,,2026-06-10,Pam Panorama,Iberdrola Italia,,,,Italy,,,https://www.iberdrola.com/press-room/news/detail/iberdrola-green-electricity-pam-panorama,Iberdrola,2025-03-03,green electricity supply agreement
159,N,,2025-03,2026-06-10,OMV,"Verbund, ImWind, Enery",,470.0,10.0,Austria,mixed,,https://www.omv.com/en/magazine/blogs/2025/a-cornerstone-of-the-energy-transition-ppas-unpacked,OMV.com,2025-03-05,Covers 35% of external electricity needs for Schwechat refinery and Adria Vienna pipeline; includes green hydrogen production
158,N,,2025-03,2026-06-10,OMV,Statkraft,,360.0,5.0,Germany,wind onshore,,https://www.omv.com/en/magazine/blogs/2025/a-cornerstone-of-the-energy-transition-ppas-unpacked,OMV.com,2025-03-05,OMV sourcing wind power for operations in Germany
157,N,,2024-11,2026-06-10,Ahold Delhaize,Bruc Energy,234.0,,15.0,Spain,solar,,https://www.renewablematter.eu/ppa-power-purchase-agreement-italia-mercato-crescita-ostacoli,Materia Rinnovabile | Renewable Matter,2025-02-27,
156,N,,2024-11,2026-06-10,Amazon,Aer Sóleir,360.0,,15.0,Greece,wind onshore,,https://www.renewablematter.eu/ppa-power-purchase-agreement-italia-mercato-crescita-ostacoli,Materia Rinnovabile | Renewable Matter,2025-02-27,"Portfolio deal; projects under construction, expected online 2026"
155,N,,2024,2026-06-10,Duferco Energia,ERG,42.0,100.0,5.0,Italy,wind onshore,,https://www.renewablematter.eu/ppa-power-purchase-agreement-italia-mercato-crescita-ostacoli,Materia Rinnovabile | Renewable Matter,2025-02-27,"Project in Rotello, Molise; site loses public incentives in 2025"
154,N,,2026-06-10,2026-06-10,Kimberly-Clark,BNZ,,,,"Italy, Spain",mixed,,https://elperiodicodelaenergia.com/italia-destinara-3-000-millones-de-euros-para-ayudas-por-los-altos-precios-de-la-energia/,El Periódico de la Energía,2025-02-28,PPA multipaís
153,N,,2024-09,2026-06-10,Viscofan,Acciona Energía,45.045,,,Spain,solar,,https://www.pv-magazine.es/2025/02/27/proyectan-un-autoconsumo-de-45045-mw-hibridado-con-cogeneracion/,pv magazine España,2025-02-27,"PPA on-site under 'energy as a service' model; hybridized with cogeneration; covers ~30% of Viscofan's electricity needs in Cáseda, Navarra; 80,190 solar panels (600 Wp each); 11 inverters (4,095 kVA each); 30 kV underground line (1,500m); grid connection via 66/30 kV transformer (40/50 MVA)"
152,N,,2025-05-21,2026-06-10,Gonvarri,Iberdrola,,,10.0,"Germany, France, Italy, Spain",mixed,,https://elperiodicodelaenergia.com/pexapark-adquiere-renewafi-para-construir-el-lider-global-en-inteligencia-de-mercado-de-energias-renovables/,El Periódico de la Energía,2025-02-24,10-year electricity sale agreement for facilities in four European countries
151,N,,2025-02-27,2026-06-10,Cellnex,Elawan Energy,200.0,400.0,10.0,Spain,mixed,,https://www.datacenterdynamics.com/es/noticias/madrid-en-el-top-10-de-las-ciudades-con-mayor-capacidad-en-data-centers-de-emea/,Data Center Dynamics,2025-02-27,Three solar parks in Albacete and one wind park in Cuenca; 'Proyecto de Singular Interés' (PSI) initiative
150,N,,2025-02-25,2026-06-10,Dwr Cymru (Welsh Water),Innova,15.0,,40.0,United Kingdom,solar,,https://www.solarpowerportal.co.uk/solar-planning/innova-signs-40-year-ppa-for-two-welsh-solar-plants,Solar Power Portal,2025-02-25,Cefn and Wrexham solar farms; Five Fords sewage treatment works; co-located BESS at Wrexham (10MW) and Cefn (10MW)
149,N,,2025-02-25,2026-06-10,Elektroprivreda Srbije (EPS),"SANY Renewable Energy, WV-International, Emergy",71.4,,15.0,Serbia,wind onshore,,https://balkangreenenergynews.com/wind-farms-alibunar-1-alibunar-2-secure-market-premiums-in-serbias-renewable-energy-auctions/,Balkan Green Energy News,2025-02-25,Alibunar 2 wind farm; 15-year PPA; SANY S168 turbines (4.2 MW each)
148,N,,2025-02-25,2026-06-10,Elektroprivreda Srbije (EPS),"SANY Renewable Energy, WV-International, Emergy",96.6,,15.0,Serbia,wind onshore,,https://balkangreenenergynews.com/wind-farms-alibunar-1-alibunar-2-secure-market-premiums-in-serbias-renewable-energy-auctions/,Balkan Green Energy News,2025-02-25,Alibunar 1 wind farm; 15-year PPA; SANY S168 turbines (4.2 MW each)
147,N,,2025-02,2026-06-10,Lightsource bp,,1300.0,,,United Kingdom,mixed,,https://www.edie.net/arkets-clothing-repair-initiative-and-screwfixs-ev-roll-out-the-sustainability-success-stories-of-the-week/,edie.net,2025-02-23,1.3GW renewable energy deals — likely multiple individual PPAs aggregated in reporting
146,N,,2025-02,2026-06-10,GLP Clean Energy,Energy Partners GmbH,23.0,,,Germany,solar,,https://www.energetica-india.net/news/energy-partners-gmbh-to-install-10-rooftop-solar-projects-totalling-23-mw-for-glp-clean-energy-in-germany,Energetica India Magazine,2025-02-25,10 rooftop solar projects on GLP logistics halls; first project 3.8 MW in Mönchengladbach; remunerated under EEG; power sold to GLP tenants via PPAs
145,N,,2025-02-25,2026-06-10,Heavy Energy,Emergy,168.0,,,Serbia,wind onshore,,https://seenews.com/news/emergy-sells-168-mw-wind-project-in-serbia-to-heavy-energy-1271363,SeeNews,2025-02-25,168 MW wind project in Serbia
144,N,,2023,2026-06-10,"The Fashion Pact, LyondellBasell",Lightsource bp,,,,Spain,solar,,https://lightsourcebp.com/pt/news/dez-contratos-de-aquisicao-de-energia-ppa-assinados-e-13gw-contratados-em-2024/,Lightsource bp,2025-02-19,PPA deals for Spanish portfolio
143,N,,2024,2026-06-10,"H&M Group, Microsoft, LyondellBasell, Google",Lightsource bp,1300.0,,,"Portugal, Spain, United Kingdom, United States of America, Australia, New Zealand",solar,,https://lightsourcebp.com/pt/news/dez-contratos-de-aquisicao-de-energia-ppa-assinados-e-13gw-contratados-em-2024/,Lightsource bp,2025-02-19,"10 PPA deals totaling 1.3GW; includes projects in Portugal (Cibele), Spain (The Fashion Pact, LyondellBasell), and other markets"
142,N,,2023-12,2026-06-10,Fashion Pact members (12 brands),Lightsource bp,,,,Spain,solar,,https://lightsourcebp.com/it/news/10-contratti-di-acquisto-di-energia-firmati-per-un-totale-di-1-3gw-nel-2024/,Lightsource bp,2025-02-20,Collective virtual PPA (CVPPA) for Fashion Pact members linked to Lightsource bp's solar portfolio in Spain
141,N,,2024,2026-06-10,"H&M Group, Microsoft, LyondellBasell, Google",Lightsource bp,1300.0,,,"Spain, Portugal, United Kingdom",solar,,https://lightsourcebp.com/it/news/10-contratti-di-acquisto-di-energia-firmati-per-un-totale-di-1-3gw-nel-2024/,Lightsource bp,2025-02-20,"Multi-buyer collective virtual PPA (CVPPA) with Fashion Pact members in Spain; 10 PPA deals totaling 1.3GW across Europe, Americas, and Asia-Pacific"
140,N,,2025-02-17,2026-06-10,Equinix,,100.0,,20.0,France,renewable,,https://www.lemagit.fr/actualites/366619359/Datacenters-IA-en-France-promesses-contre-promesses,LeMagIT,2025-02-17,"Seven renewable energy PPA deals signed by Equinix in France, totaling over 100 MW capacity"
139,N,,,2026-06-10,Groupe BPCE,Opale - Banque Populaire,,,20.0,France,,,https://www.banquepopulaire.fr/bpbfc/communication/le-groupe-bpce-renforce-son-engagement-pour-la-transition-energetique-en-signant-un-contrat-de-20-ans-avec-opale/,Banque Populaire,2025-02-20,Opale - Banque Populaire project
138,N,,2024,2026-06-10,"H&M Group, Microsoft, LyondellBasell, Google, 12 fashion brands (Fashion Pact members)",Lightsource bp,1300.0,,,"Spain, Portugal, United States, United Kingdom, Australia, New Zealand",solar,,https://lightsourcebp.com/us/news/10-power-purchase-agreements-signed-and-1-3gw-contracted-in-2024/,Lightsource bp,2025-02-19,Collective virtual PPA (CVPPA) with Fashion Pact; portfolio of 1.3GW across six markets
137,N,,2025-02-18,2026-06-10,TotalEnergies,"Air Liquide, TotalEnergies (50/50 JV)",250.0,,,Netherlands,wind offshore,,https://www.airliquide.com/group/press-releases-news/2025-02-18/air-liquide-announces-major-investments-support-european-decarbonization-collaboration-totalenergies,Air Liquide,2025-02-18,Joint venture electrolyzer project in Zeeland province; 250MW electrolyzer; renewable hydrogen supply to Zeeland refinery site; powered by OranjeWind offshore wind farm
136,N,,2025-02-18,2026-06-10,TotalEnergies,Air Liquide,200.0,,,Netherlands,wind offshore,,https://www.airliquide.com/group/press-releases-news/2025-02-18/air-liquide-announces-major-investments-support-european-decarbonization-collaboration-totalenergies,Air Liquide,2025-02-18,"ELYgator project; 200MW electrolyzer in Maasvlakte, Rotterdam; renewable hydrogen supply to TotalEnergies’ industrial platform; powered by OranjeWind and Hollandse Kust Zuid (HKZ) offshore wind farms via PPAs with Vattenfall"
135,N,,2024-06,2026-06-10,Unilever,Statkraft,,61.0,11.0,Spain,solar,,https://sustainabilityonline.net/news/statkraft-signs-solar-ppa-with-unilever/,Sustainability Online,2025-02-17,"Four solar PV farms in Aragon, Spain; supports Unilever's 2030 Scope 1 and 2 emissions reduction target"
134,N,,2024,2026-06-10,unnamed consortium of pharmaceutical companies,Zelestra,162.0,,10.0,Spain,solar,,https://www.pv-tech.org/tesla-zelestra-ppa-57mw-spanish-solar-power/,PV Tech,2025-02-17,162MW portfolio in Spain; expected commissioning in Q2 2026
133,N,,2025-02-17,2026-06-10,Shell,Zelestra,54.0,,10.0,Spain,solar,,https://www.pv-tech.org/tesla-zelestra-ppa-57mw-spanish-solar-power/,PV Tech,2025-02-17,"Cañada Alta project in Murcia, Spain; financed by BBVA"
132,N,,2025-02-17,2026-06-10,Tesla,Zelestra,57.0,,,Spain,solar,,https://www.pv-tech.org/tesla-zelestra-ppa-57mw-spanish-solar-power/,PV Tech,2025-02-17,"Brazatortas I, II and IV projects in Ciudad Real, Spain"
131,N,,2024,2026-06-10,"H&M Group, Microsoft, LyondellBasell, Google, Fashion Pact members",Lightsource bp,1300.0,,,"Spain, Portugal, United Kingdom, United States, Australia, New Zealand",solar,,https://lightsourcebp.com/news/10-power-purchase-agreements-signed-and-1-3gw-contracted-in-2024/,Lightsource bp,2025-02-19,Collective virtual PPA (CVPPA) with Fashion Pact linked to Lightsource bp’s solar portfolio in Spain; multi-buyer structure for 12 fashion brands; 10 PPAs totaling 1.3GW across six markets
130,N,,,2026-06-10,a company global leader in technology and IA,Zelestra,,,10.0,Spain,solar,,https://elperiodicodelaenergia.com/zelestra-y-shell-energy-inauguran-una-planta-solar-fotovoltaica-en-murcia/,El Periódico de la Energía,2025-02-12,Zaragoza PPA
129,N,,2025-02-12,2026-06-10,Shell Energy Europe Limited,Zelestra,54.0,105.0,10.0,Spain,solar,,https://elperiodicodelaenergia.com/zelestra-y-shell-energy-inauguran-una-planta-solar-fotovoltaica-en-murcia/,El Periódico de la Energía,2025-02-12,"Cañada Alta solar project, Murcia"
128,N,,2025-02-14,2026-06-10,Shell,Zelestra,,105.0,10.0,Spain,solar,,https://www.pv-magazine.es/2025/02/14/anuncios-zelestra-tesla-shell-solaria-iberdrola-e-ingeteam/,pv magazine España,2025-02-14,Annual supply of clean energy for 10 years
127,N,,2025-02-14,2026-06-10,Tesla,Zelestra,74.0,130.0,,Spain,solar,,https://www.pv-magazine.es/2025/02/14/anuncios-zelestra-tesla-shell-solaria-iberdrola-e-ingeteam/,pv magazine España,2025-02-14,"Projects: Brazatortas I, II and IV; Cañada Alta plant inauguration mentioned but not part of this PPA"
126,N,,2025-02-12,2026-06-10,Groupe BPCE,Opale Energies engagées,,43.0,20.0,France,wind onshore,,https://newsroom.groupebpce.fr/actualites/le-groupe-bpce-renforce-son-engagement-pour-la-transition-energetique-en-signant-un-contrat-de-20-ans-avec-opale-b0b05-7b707.html,Groupe BPCE,2025-02-12,"Parc éolien des Trois Cantons; covers ~11% of BPCE's annual consumption; data centers, offices, and bank branches powered"
125,N,,2025-02-12,2026-06-10,REHAU,"nahKRAFT GmbH & Co. KG, Stadt Feuchtwangen",0.35,,,Germany,solar,,https://fraenkischer.de/feuchtwangen-baut-eigene-energieversorgung-aus/,fränkischer.de,2025-02-12,"PV-Dachanlage on REHAU Werk 15, 350 kW"
124,N,,2025-02-12,2026-06-10,REHAU,"nahKRAFT GmbH & Co. KG, Stadt Feuchtwangen",2.8,,,Germany,solar,,https://fraenkischer.de/feuchtwangen-baut-eigene-energieversorgung-aus/,fränkischer.de,2025-02-12,"PV-Freiflächenanlage near Feuchtwangen industrial area, direct line to REHAU Werk 15, commissioning planned summer 2025"
123,N,,2024-02,2026-06-10,Amazon,Iberdrola,,,,"Spain, Portugal","wind, solar",,https://bebeez.eu/2025/02/10/do-ppas-have-a-future-in-the-data-center-sector/,BeBeez International,2025-02-10,Further agreements in Spain and Portugal
120,N,,2025-02,2026-06-10,Amazon,Iberdrola,476.0,,,"Spain, Portugal",wind onshore,,https://www.datacenterdynamics.com/en/news/amazon-signs-180mw-ppa-in-india-with-jsw-energy/,Data Center Dynamics,2025-02-08,Includes Amazon's first PPA in Portugal (219MW from 274MW Tâmega Wind Complex)
119,N,,2025-02,2026-06-10,Amazon,ERG Group,,2500.0,,Italy,wind onshore,,https://www.datacenterdynamics.com/en/news/amazon-signs-180mw-ppa-in-india-with-jsw-energy/,Data Center Dynamics,2025-02-08,
118,N,,2026-05,2026-06-10,,"Scatec (via Defic Globe JV with YEO Teknoloji Enerji ve Endüstri, Emsolt Investments)",190.0,,15.0,Romania,solar,,https://balkangreenenergynews.com/turkish-companies-expand-presence-in-solar-power-market-in-romania/,Balkan Green Energy News,2025-02-11,"15-year CfD with Opcom covering 70% of output; project in Dolj and Olt counties; investment EUR 140 million; construction start expected H2 2025; Scatec holds 65%, Defic Globe 35%; EPC and O&M services by Scatec; government support from first Romanian CfD auction"
117,N,,2025-06,2026-06-10,,"Tüpraş (via Entek Elektrik, Enspire Enerji)",214.3,,,Romania,solar,,https://balkangreenenergynews.com/turkish-companies-expand-presence-in-solar-power-market-in-romania/,Balkan Green Energy News,2025-02-11,"Acquisition of 214.3 MW photovoltaic project north of Bucharest; project name: Eco Sun Niculești and Euromec-Ciocănari; technical connection approval for 177 MW in 2023; original acquisition price EUR 32.9 million, revised to EUR 33.2 million, paid EUR 29.2 million; commune Niculești in Dâmbovița county"
116,N,,2023,2026-06-10,Amazon,Iberdrola,300.0,,,Germany,wind offshore,,https://www.datacenterdynamics.com/en/analysis/do-ppas-have-a-future-in-the-data-center-sector/,Data Center Dynamics,2025-02-10,Windanker offshore wind farm
115,N,,2023,2026-06-10,Amazon,Iberdrola,476.0,1100.0,,Germany,wind offshore,,https://www.datacenterdynamics.com/en/analysis/do-ppas-have-a-future-in-the-data-center-sector/,Data Center Dynamics,2025-02-10,Baltic Eagle offshore wind farm
114,N,,2025-02-14,2026-06-10,"Haleon, GSK, Gilead Sciences, Thermo Fisher Scientific",X-ELIO,,245.0,10.0,Spain,solar,,https://balkangreenenergynews.com/worlds-leading-pharmaceutical-healthcare-companies-ink-ppa-within-schneider-electrics-energize-initiative/,Balkan Green Energy News,2025-02-14,Lorca Solar facility; multi-buyer PPA; operational by early 2026
108,N,,2024,2026-06-10,Amazon,Vortex Energy,53.0,,,Poland,wind,,https://www.datacenterdynamics.com/en/news/amazon-named-top-corporate-buyer-of-renewable-energy-in-europe/,Data Center Dynamics,2025-02-10,Amazon's first wind power agreement in Poland
107,N,,2024,2026-06-10,Amazon,Iberdrola,29.5,,,Greece,wind,,https://www.datacenterdynamics.com/en/news/amazon-named-top-corporate-buyer-of-renewable-energy-in-europe/,Data Center Dynamics,2025-02-10,Koukouras wind farm
106,N,,2024,2026-06-10,Amazon,Iberdrola,35.4,,,Greece,wind,,https://www.datacenterdynamics.com/en/news/amazon-named-top-corporate-buyer-of-renewable-energy-in-europe/,Data Center Dynamics,2025-02-10,Mesokorfi wind farm
105,N,,2024,2026-06-10,Amazon,Iberdrola,44.4,,,Greece,wind,,https://www.datacenterdynamics.com/en/news/amazon-named-top-corporate-buyer-of-renewable-energy-in-europe/,Data Center Dynamics,2025-02-10,Vermio wind farm
104,N,,2024,2026-06-10,Amazon,Iberdrola,,,,Portugal,wind,,https://www.datacenterdynamics.com/en/news/amazon-named-top-corporate-buyer-of-renewable-energy-in-europe/,Data Center Dynamics,2025-02-10,"Tâmega Wind Complex, largest wind farm in Portugal"
103,N,,2025-02,2026-06-10,bp España,Iberdrola España,25.0,,,Spain,mixed,,https://cadenaser.com/comunitat-valenciana/2025/02/07/la-empresa-conjunta-entre-bp-e-iberdrola-inicia-los-trabajos-de-construccion-de-la-mayor-planta-de-hidrogeno-verde-de-espana-en-castellon-radio-castellon/,Cadena SER,2025-02-07,Castellón Green Hydrogen project; PPA for renewable electricity from Iberdrola's solar and wind parks to power a 25 MW electrolyzer; refinery decarbonization
100,U,,2024,2026-06-10,Amazon,Iberdrola,209.0,,,United Kingdom,mixed,,https://www.elmundo.es/economia/empresas/2025/02/03/67a09b23e9cf4a90328b4577.html,El Mundo,2025-02-03,[UPDATE] New PPA agreements in Spain and Portugal as part of expanded alliance; first PPA in Portugal (219 MW) and two PPAs in Spain (solar and wind) | Part of broader alliance; includes wind and solar PPAs in the UK | Original deal ID: None
99,U,,2024,2026-06-10,Amazon,Iberdrola,320.0,,,Germany,mixed,,https://www.elmundo.es/economia/empresas/2025/02/03/67a09b23e9cf4a90328b4577.html,El Mundo,2025-02-03,[UPDATE] New PPA agreements in Spain and Portugal as part of expanded alliance; first PPA in Portugal (219 MW) and two PPAs in Spain (solar and wind) | Part of broader alliance; includes wind and solar PPAs in Germany | Original deal ID: None
96,N,,2025-02-07,2026-06-10,Amazon Web Services,Iberdrola,257.0,,,Spain,mixed,,https://www.cio.com/article/3819577/iberdrola-y-aws-estrechan-lazos-de-la-compra-de-energia-verde-a-la-nube.html,cio.com,2025-02-07,Two new commercial-scale energy purchase contracts for solar and wind
95,N,,2025-02-07,2026-06-10,Amazon Web Services,Iberdrola,219.0,,,Portugal,wind onshore,,https://www.cio.com/article/3819577/iberdrola-y-aws-estrechan-lazos-de-la-compra-de-energia-verde-a-la-nube.html,cio.com,2025-02-07,"Complejo Eólico de Tâmega, first Amazon PPA in Portugal"
94,N,,2025-02-05,2026-06-10,"Thermo Fisher Scientific, Haleon, Gilead Sciences, GSK",X-Elio,130.15,245.0,10.0,Spain,solar,,https://murciaplaza.com/murciaplaza/empresas-murcia/x-elio-firma-los-primeros-acuerdos-para-vender-la-energia-que-generara-en-su-macroplanta-solar-de-lorca,Murcia Plaza,2025-02-05,"Lorca Solar project, 35% of 369 MW capacity, PPA virtual"
89,N,,2024-10,2026-06-10,Saint-Gobain,TotalEnergies,,,,France,mixed,,https://totalenergies.com/newsroom/totalenergies-en-france-un-ancrage-territorial-historique/?lang=fra,TotalEnergies.com,2025-02-03,Contract for supply of renewable electricity to Saint-Gobain's industrial sites in France from 2026
88,N,,2025-02,2026-06-10,Sanofi,ENGIE,,300.0,,Belgium,wind onshore,,https://www.engie.com/explore/projets/biomethane-sanofi-en-france-signe-un-contrat-structurant-avec-engie/,ENGIE.com,2025-02-07,Wind electricity for Sanofi's sites; project involves Sanofi's industrial sites in Belgium
87,N,,2025-02,2026-06-10,Sanofi,ENGIE,,1500.0,6.0,France,mixed,,https://www.engie.com/explore/projets/biomethane-sanofi-en-france-signe-un-contrat-structurant-avec-engie/,ENGIE.com,2025-02-07,Combination of wind and solar electricity; project involves Sanofi's industrial sites in France
86,N,,,2026-06-10,Engelhart,e.optimum,,,,Germany,wind onshore,,https://www.businesswire.com/news/home/20250130299918/de,Business Wire,2025-02-06,project name not specified
85,N,,2025-02-04,2026-06-10,Amazon,Luxcara,,,,Greece,solar,,https://greekcitytimes.com/2025/02/04/amazon-renewable-energy-greece/,Greek City Times,2025-02-04,Hellas Green solar power plant (Western Macedonia)
84,N,,2025-02-04,2026-06-10,Amazon,Greenvolt Energias Renovaveis,657.0,,,Greece,mixed,,https://greekcitytimes.com/2025/02/04/amazon-renewable-energy-greece/,Greek City Times,2025-02-04,"Elzet solar power plant (Thessaly), Menelou wind farm (Western Greece); total 657 MW"
83,N,,2025-02-06,2026-06-10,"Thermo Fisher Scientific, Haleon, Gilead Sciences, GSK",X-Elio,369.0,245.0,10.0,Spain,solar,,https://www.pv-tech.org/x-elio-signs-245gwh-vppa-with-pharmaceutical-decarbonisation-group/,PV Tech,2025-02-06,Lorca Solar project; virtual PPA under Energize programme; energy delivered to offset actual use
82,N,,2025-02-03,2026-06-10,Amazon,Iberdrola,257.0,,,Spain,"solar, wind onshore",,https://www.esgtoday.com/amazon-expands-renewable-energy-cloud-partnership-with-iberdrola-to-spain-portugal/,ESG Today,2025-02-03,Ciudad Rodrigo solar PV plant (Salamanca) and Valdemoro wind farm (Burgos)
80,N,,2025-02-03,2026-06-10,Amazon,Iberdrola,45.0,,,Spain,wind onshore,,https://sustainabilitymag.com/articles/iberdrola-amazons-growing-energy-partnership-in-iberia,Sustainability Magazine,2025-02-03,Valdemoro wind farm in Burgos
79,N,,2025-02-03,2026-06-10,Amazon,Iberdrola,212.0,,,Spain,solar,,https://sustainabilitymag.com/articles/iberdrola-amazons-growing-energy-partnership-in-iberia,Sustainability Magazine,2025-02-03,Ciudad Rodrigo solar PV plant in Salamanca
78,N,,2025-02-03,2026-06-10,Amazon,Iberdrola,219.0,,,Portugal,wind onshore,,https://sustainabilitymag.com/articles/iberdrola-amazons-growing-energy-partnership-in-iberia,Sustainability Magazine,2025-02-03,"Tâmega Wind Complex, part of Iberdrola's green hybridisation initiative"
76,N,,2025-02-04,2026-06-10,Amazon,ERG,47.0,,,United Kingdom,wind onshore,,https://businessplus.ie/media-plus/amazon-derry-wind-farm/,businessplus.ie,2025-02-04,"Corlacky Hill Wind Farm, near Swatragh, Co Derry"
75,N,,2024,2026-06-10,Amazon,ENGIE,159.0,,,United Kingdom,wind offshore,,https://www.solarpowerportal.co.uk/solar-projects/amazon-to-procure-clean-energy-from-erg-group-irish-wind-farm,Solar Power Portal,2025-02-05,"East Anglia offshore wind farm (1.4GW total), 159MW share"
74,N,,2024,2026-06-10,Amazon,"ENGIE, Ocean Winds",473.0,,,United Kingdom,wind offshore,,https://www.solarpowerportal.co.uk/solar-projects/amazon-to-procure-clean-energy-from-erg-group-irish-wind-farm,Solar Power Portal,2025-02-05,"Moray West offshore wind farm (882MW total), 473MW share"
73,N,,2025-02-05,2026-06-10,Amazon,ERG Group,47.3,176.0,,United Kingdom,wind onshore,,https://www.solarpowerportal.co.uk/solar-projects/amazon-to-procure-clean-energy-from-erg-group-irish-wind-farm,Solar Power Portal,2025-02-05,"Corlacky Hill wind farm, 11 Vestas V117 turbines, 'pay-as-produced' agreement, construction completion by Q4 2025"
71,N,,2023,2026-06-10,Thermo Fisher,,,,,Europe,solar,,https://www.esgtoday.com/pharma-supply-chain-decarbonization-consortium-signs-10-year-clean-energy-deals-for-haleon-gsk-thermo-fisher-gilead/,ESG Today,2025-02-04,Separate solar PPA signed by Thermo Fisher in 2023
70,N,,2025-02-04,2026-06-10,"Haleon, GSK, Thermo Fisher, Gilead",X-ELIO,,245.0,10.0,Spain,solar,,https://www.esgtoday.com/pharma-supply-chain-decarbonization-consortium-signs-10-year-clean-energy-deals-for-haleon-gsk-thermo-fisher-gilead/,ESG Today,2025-02-04,Lorca Solar Project; aggregate PPA under Energize program
69,N,,2024,2026-06-10,Amazon,developers of two wind farms,,,,Poland,wind onshore,,https://www.aboutamazon.eu/news/sustainability/amazon-is-named-top-corporate-purchaser-of-renewable-energy-in-europe-having-invested-in-more-than-230-projects-in-the-region,About Amazon Europe,2025-02-03,"two wind farms located in Jastrowie and Okonek, Wielkopolskie Voivodeship"
68,N,,2024,2026-06-10,Amazon,developers of three wind farms,,,,Greece,wind onshore,,https://www.aboutamazon.eu/news/sustainability/amazon-is-named-top-corporate-purchaser-of-renewable-energy-in-europe-having-invested-in-more-than-230-projects-in-the-region,About Amazon Europe,2025-02-03,three utility-scale wind farms in Western and Central Macedonia regions and Peloponnese region; collaboration with Greek Minister of Environment and Energy and National Bank of Greece
67,N,,2024,2026-06-10,Amazon,Iberdrola,,,,Spain,solar,,https://www.aboutamazon.eu/news/sustainability/amazon-is-named-top-corporate-purchaser-of-renewable-energy-in-europe-having-invested-in-more-than-230-projects-in-the-region,About Amazon Europe,2025-02-03,Ciudad Rodrigo solar project near Salamanca; €200 million investment; 800 jobs at peak construction; restoration of Plaza Amayuelas town square
66,N,,2024,2026-06-10,Amazon,developer of Tâmega Wind Complex,,,,Portugal,wind onshore,,https://www.aboutamazon.eu/news/sustainability/amazon-is-named-top-corporate-purchaser-of-renewable-energy-in-europe-having-invested-in-more-than-230-projects-in-the-region,About Amazon Europe,2025-02-03,Tâmega Wind Complex; largest wind farm in Portugal; hybridisation project with Tâmega hydroelectric complex; grid connection reuse; €350 million investment; 700 jobs at peak construction
65,N,,2025-02-04,2026-06-10,Orange Romania,ENGIE Romania,,40.0,10.0,Romania,wind onshore,,https://www.europeaninterest.eu/orange-romania-and-engie-romania-signed-a-new-virtual-green-power-purchase-agreement-vppa-in-romania/,European Interest,2025-02-04,Virtual PPA; energy from ENGIE’s wind farm; previous 2023 vPPA for 30 GWh mentioned
64,N,,2025,2026-06-10,unspecified international technology company,Lightsource bp,130.0,,,Spain,solar,,https://lightsourcebp.com/pt/news/lightsource-bp-investe-em-projeto-de-conservacao-do-tartaranhao-cacador-em-portugal/,Lightsource bp,2025-01-29,Project Cibele (130MWp)
63,N,,2025,2026-06-10,"The Fashion Pact, LyondellBasell",Lightsource bp,,,,Spain,solar,,https://lightsourcebp.com/pt/news/lightsource-bp-investe-em-projeto-de-conservacao-do-tartaranhao-cacador-em-portugal/,Lightsource bp,2025-01-29,Portfolio of projects in Spain; individual project capacities not specified
62,N,,2025-01-30,2026-06-10,PGE,Ørsted,1498.0,,,Poland,wind offshore,,https://radiogdansk.pl/wiadomosci/region/2025/01/30/podpisano-umowe-na-budowe-polsko-dunskiej-farmy-wiatrowej-dzieki-temu-pozyskamy-18-gw-pradu/,Radio Gdańsk,2025-01-30,"Baltica 2 offshore wind farm, 107 turbines of 14 MW each, located between Ustka and Choczew, first power in May 2027, serves 2.5 million households"
60,N,,2025-01-01,2026-06-10,Iren Mercato SpA,Statkraft,,30.0,10.0,Italy,solar,,https://www.gruppoiren.it/it/everyday/sfide-di-innovazione/2025/power-purchase-agreement-tra-iren-e-statkraft-accordo-decennale-per-la-fornitura-da-impianti-rinnovabili.html,Gruppo Iren,2025-01-30,EveryDay Sfide di innovazione 2025 project; energy supplied to Iren's retail customers
59,N,,2025-01-31,2026-06-10,bp,Iberdrola España,25.0,200.0,,Spain,mixed,,https://www.elespanol.com/eldigitalcastillalamancha/economia/empresas/20250131/empresa-toledo-creara-transformador-mayor-planta-hidrogeno-verde-espana/920658004_0.html,El Español,2025-01-31,Castellón Green Hydrogen project; PPA for 200 GWh/year from Iberdrola's solar and wind projects; 25 MW electrolyzer; refinery in Castellón
58,N,,2025,2026-06-10,bp,Iberdrola España,,200.0,,Spain,mixed,,https://valenciaplaza.com/valenciaplaza/empresas1/iberdrola-y-bp-eligen-a-imefy-para-el-suministro-del-transformador-principal-de-su-planta-de-hidrogeno-verde,Valencia Plaza,2025-01-31,Castellón Green Hydrogen project; PPA for 200 GWh/year from Iberdrola's solar and wind projects to supply bp's 25 MW green hydrogen plant in Castellón refinery; project operational expected H2 2026
57,N,,2025-01-30,2026-06-10,LyondellBasell,wpd,30.0,79.0,10.0,Italy,wind onshore,,https://www.windbranche.de/news/presse/pm-8385-wpd-schliesst-mit-lyondellbasell-ppa-fuer-italienisches-windpark-projekt-ab,Windbranche.de,2025-01-30,Windpark Licata project; energy delivered to LyondellBasell's Ferrara site
56,N,,2024,2026-06-10,AMAG Group AG,Synhelion,,,,Switzerland,other,,https://www.startupticker.ch/en/news/european-companies-rely-on-swiss-cleantechs,Startupticker.ch,2025-01-31,"Long-term offtake agreement for solar gasoline; 50,000 liters per year"
55,N,,2024-06,2026-06-10,Lenzerheide Bergbahnen AG,Synhelion,,,5.0,Germany,other,,https://www.startupticker.ch/en/news/european-companies-rely-on-swiss-cleantechs,Startupticker.ch,2025-01-31,DAWN demonstration plant; renewable diesel for snow groomers; solar fuel offtake agreement
54,N,,2025-01-29,2026-06-10,LyondellBasell,Vattenfall,980.0,450.0,15.0,Germany,wind offshore,,https://www.oedigital.com/news/521650-vattenfall-pens-ppa-for-nordlicht-1-offshore-wind-farm,Offshore Engineer Magazine,2025-01-29,"Nordlicht 1 Offshore Wind Farm; 68 turbines; 51% Vattenfall, 49% BASF ownership; grid connection in 2028"
53,N,,,2026-06-10,Graphic Packaging International,Zelestra,83.0,,,Spain,mixed,,https://packagingeurope.com/news/basf-powers-all-its-performance-material-plants-with-renewable-electricity/12427.article,Packaging Europe,2025-01-30,Virtual PPA covering José Cabrera and Socovos II projects (combined capacity)
52,N,,2024-09-01,2026-06-10,Coveris,CE Rigmuir Limited,13.5,,,United Kingdom,wind onshore,,https://packagingeurope.com/news/basf-powers-all-its-performance-material-plants-with-renewable-electricity/12427.article,Packaging Europe,2025-01-30,Onshore wind project supplying 18 Coveris sites in the UK
50,N,,2025-01-22,2026-06-10,Odido,Windpark Willem Annapolder II,,58.0,10.0,Netherlands,wind onshore,,https://newsroom.odido.nl/odido-neemt-komende-tien-jaar-groene-stroom-af-bij-nieuw-windmolenpark/,Newsroom Odido,2025-01-22,Windpark Willem Annapolder II; four wind turbines; 30% of Odido’s total green electricity demand; operational expected end of 2025
48,N,,2023,2026-06-10,Fruits Rouges & Co,Photosol,,,20.0,France,solar,,https://www.freshplaza.it/article/9696274/l-innovazione-nel-settore-dei-piccoli-frutti-in-francia-passa-attraverso-l-agrivoltaico/,FreshPlaza,2025-01-22,Agrivoltaic project 'insolagrin' at Campus Fruits Rouges; PPA for solar energy to power fruit cooling/storage; project duration 5 years of research + 20-year PPA
47,N,,2024-01,2026-06-10,Tion Renewable,X-Elio (Brookfield),50.0,,,Spain,solar,,https://www.20minutos.es/lainformacion/empresas/xelio-brookfield-ficha-capital-energy-reforzar-ejecutiva-afrontar-crecimiento-renovable-5675112/,20Minutos,2025-01-25,PPA included with the sale of a 50 MW photovoltaic installation in Almería
46,N,,,2026-06-10,Agrati,Iberdrola France,,,,France,,,https://www.iberdrola.com/sala-comunicacion/noticias/detalle/iberdrola-suministrara-energia-verde-al-fabricante-italiano-de-piezas-de-automoviles-agrati-en-francia,Iberdrola,2025-01-28,"energy supply to Agrati, renewable energy"
45,N,,2025-01,2026-06-10,Fruits Rouges & Co,Photosol,,,20.0,France,solar,,https://www.lagazettefrance.fr/article/fruits-rouges-co-lance-un-partenariat-en-agrivoltaisme-pour-developper-sa-filiere,La Gazette France,2025-01-23,"Agrivoltaic project at Campus Fruits Rouges, Allemant; electricity used for cooling and conservation; 'fruits à énergie positive' initiative"
43,N,,2025-01-22,2026-06-10,Tinn Energi,Aker Horizons,25.0,,,Norway,other,,https://www.offshore-energy.biz/norwegian-hydrogen-acquires-aker-horizons-rjukan-green-hydrogen-project/,Offshore-Energy.biz,2025-01-22,Rjukan green hydrogen project; PPA takeover by Norwegian Hydrogen
42,N,,2025,2026-06-10,Borealis,Aspiravi,,120.0,,Belgium,wind onshore,,https://www.belganewsagency.eu/austrian-energy-and-chemicals-giant-plans-multi-million-euro-facility-in-antwerp-port,belganewsagency.eu,2025-01-24,20 onshore wind turbines across eight Belgian wind farms; Borealis aims for 100% renewable electricity by 2030
41,N,,2025-01,2026-06-10,STMicroelectronics,TotalEnergies,75.0,1500.0,15.0,France,mixed,,https://totalenergies.com/newsroom/renewable-power-totalenergies-will-supply-15-twh-stmicroelectronics-france-over/?lang=eng,TotalEnergies.com,2025-01-28,Project includes two wind and solar farms; provides baseload green electricity via structuration services; first 15-year PPA in France for STMicroelectronics
39,N,,2024-10-22,2026-06-10,Acciaierie Venete,Iberdrola,12.0,,10.0,Italy,solar,,https://www.siderweb.com/articoli/top/724369-acciaierie-venete-alza-i-prezzi-di-acciai-in-qualita-e-speciali,siderweb.com,2025-01-15,Impianti fotovoltaici in costruzione
36,N,,2024-11,2026-06-10,Amazon,Unspecified (three projects),,,,Greece,wind onshore,,https://www.datacenterdynamics.com/es/noticias/amazon-fue-el-mayor-comprador-corporativo-de-energias-renovables-en-2024/,Data Center Dynamics,2025-01-21,Four PPA agreements for three onshore wind projects supplying Greek grid
35,N,,2024-11,2026-06-10,Amazon,Vortex Energy,53.0,,,Poland,wind onshore,,https://www.datacenterdynamics.com/es/noticias/amazon-fue-el-mayor-comprador-corporativo-de-energias-renovables-en-2024/,Data Center Dynamics,2025-01-21,First wind PPA in Poland; two wind parks
34,N,,2022-12,2026-06-10,SNCF,Reden Solar,146.0,,,France,solar,,https://www.lejournaldesentreprises.com/article/la-course-industrielle-et-agrivoltaique-de-reden-solar-2111480,Le Journal des Entreprises,2025-01-21,Construction of 4 solar plants; largest direct renewable electricity PPA in France and one of the largest in Europe
33,N,,2024,2026-06-10,25 Danish companies,Energicenter Nord,,,,Denmark,solar,,https://www.pv-magazine.com/2025/01/20/denmarks-solar-capacity-surpasses-4-gw/,pv magazine Global,2025-01-20,Energicenter Nord solar project backed by PPA with 25 Danish companies — largest PPA by number of signatories in Denmark
31,N,,2022,2026-06-10,Arla,Eurowind Energy,,,10.0,Denmark,wind onshore,,https://renews.biz/98243/eurowind-energy-arla-ink-new-ppa/,reNEWS.BIZ,2025-01-20,Project: Norre Okse So wind park; Arla's goal of 100% green electricity by 2025
30,N,,2025-01-20,2026-06-10,Arla,Eurowind Energy,,60.0,10.0,Denmark,mixed,,https://renews.biz/98243/eurowind-energy-arla-ink-new-ppa/,reNEWS.BIZ,2025-01-20,Project: Norre Okse So wind park and other upcoming energy parks; Arla's goal of 100% green electricity by 2025
29,N,,2024,2026-06-10,,Power Capital Renewable Energy,230.0,,,Ireland,solar,,https://www.pv-magazine.com/2025/01/18/pioneers-in-irish-clean-energy/,pv magazine Global,2025-01-18,RESS 2 projects; construction commenced; projects range from 7-8 MW to 130 MW
28,N,,2024,2026-06-10,,Power Capital Renewable Energy,280.0,,,Ireland,solar,,https://www.pv-magazine.com/2025/01/18/pioneers-in-irish-clean-energy/,pv magazine Global,2025-01-18,"RESS 4 auction projects in County Tipperary and County Wexford, Ireland; financial close in early 2025"
27,N,,2024,2026-06-10,"Microsoft, Google",Power Capital Renewable Energy,300.0,,,Ireland,solar,,https://www.pv-magazine.com/2025/01/18/pioneers-in-irish-clean-energy/,pv magazine Global,2025-01-18,"Projects in Louth, Meath, Cork, and Wexford, Ireland; operational"
26,N,,2024-03,2026-06-10,Amazon,Iberdrola,159.0,700.0,,United Kingdom,wind offshore,,https://www.datacenterdynamics.com/en/news/amazon-was-the-largest-corporate-buyer-of-renewables-in-2024/,Data Center Dynamics,2025-01-20,East Anglia Three offshore wind farm; energy delivered to the UK grid
24,N,,2024-01,2026-06-10,Amazon,Vortex Energy,53.0,,,Poland,wind onshore,,https://www.datacenterdynamics.com/en/news/amazon-was-the-largest-corporate-buyer-of-renewables-in-2024/,Data Center Dynamics,2025-01-20,First wind power agreement in Poland; energy delivered to the Polish grid
23,N,,2025-01-16,2026-06-10,AMAG Group,Synhelion,,,,Spain,other,,https://www.pv-magazine.com/2025/01/16/swiss-company-synhelion-to-start-producing-solar-fuels-in-spain-in-2027/,pv magazine Global,2025-01-16,"Solar gasoline PPA; RISE plant; 50,000 liters/year from 2027"
22,N,,2025-01-21,2026-06-10,Axpo,British Solar Renewables,25.0,,10.0,United Kingdom,solar,,https://www.solarpowerportal.co.uk/solar-projects/axpo-signs-10-year-agreement-with-british-solar-renewables,Solar Power Portal,2025-01-21,Wiltshire solar PV power plant (25MW) with 16MWh co-located BESS; energy traded on UK wholesale market
19,N,,2025-01,2026-06-10,Amazon,"Aer Soléir, 547 Energy",293.0,,,Greece,wind onshore,,https://www.wfw.com/press/wfw-advises-aer-soleir-companies-on-development-and-financing-of-360-mw-greek-wind-projects/,Watson Farley & Williams,2025-01-20,Vermio cluster of wind farms in Western and Central Macedonia regions of northern Greece; part of a 360 MW portfolio with two other wind farms (Mesokorfi and Koukouras)
18,N,,2026-06,2026-06-10,Engie,Erg,,44.0,5.0,Italy,wind onshore,,https://www.energiaitalia.news/news/eolico/erg-ed-engie-firmato-un-nuovo-ppa-per-energia-eolica-in-italia/50203/,Energia Italia NEWS,2025-01-13,"Italian wind projects, no tariff incentives"
17,N,,2025-01-15,2026-06-10,Acciaierie Venete,Edison Next,6.7,,20.0,Italy,solar,,https://www.siderweb.com/articoli/industry/724310-da-danieli-una-nuova-raddrizzatrice-per-acciaierie-venete,siderweb.com,2025-01-10,PPA off site for a 6.7 MWp photovoltaic plant
16,N,,,2026-06-10,Iren,Statkraft,,,10.0,Italy,solar,,https://it.investing.com/news/stock-market-news/iren-sigla-accordo-decennale-con-statkraft-per-acquisto-fornitura-energia-solare-2643030,Investing.com,2025-01-08,solar energy supply agreement
15,N,,2022,2026-06-10,Alcoa,"Greenalia, Endesa",1740.0,1151.0,9.0,Spain,wind onshore,,https://www.economiadigital.es/galicia/empresas/alcoa-contratos-ppa-energia-plantas-san-cibrao.html,Economía Digital,2025-01-10,"San Cibrao plant energy supply; Greenalia: 45% energy via 29 wind parks (924 MW); Endesa: 1,151 GWh from Enel's 816 MW wind parks in northern Galicia"
14,N,,2021,2026-06-10,Bayer,Iberdrola,,,,Spain,mixed,,https://theobjective.com/economia/2025-01-09/bayer-acuerda-compra-iberdrola-ampliar-planta-asturias/,The Objective,2025-01-09,First long-term electricity supply contract (PPA) signed by a pharmaceutical company in Spain; 100% renewable energy supply for all Bayer centers in Spain
13,N,,2024-12,2026-06-10,OMV Petrom,DTEK Renewables International (DRI),113.0,,,Romania,solar,,https://balkangreenenergynews.com/dteks-subsidiary-dri-completes-glodeni-2-solar-park-in-romania/,Balkan Green Energy News,2025-01-14,Glodeni 1 (53 MW) and Glodeni 2 (60 MW) solar parks; largest physical solar PPA in Romania; output sold in advance
12,N,,2025-01-09,2026-06-10,undisclosed offtaker,RWE Renewables,19.8,,,Spain,wind onshore,,https://windinsider.com/2025/01/09/rwe-to-repower-muel-wind-farm-in-spain-boosting-green-energy-output/,WindInsider,2025-01-09,Muel wind farm repowering project; EU Recovery and Resilience Facility funding; operational by late 2025
11,N,,2024-03,2026-06-10,Securing Energy for Europe (SEFE),Oman LNG,,,,Germany,other,,https://www.offshore-energy.biz/oman-lng-delivers-first-cargo-from-10-year-deal-to-its-largest-offtaker-shell/,Offshore-Energy.biz,2025-01-08,LNG supply agreement; SPA formalized in March 2024 for 0.4 mtpa
10,N,,2025,2026-06-10,Lloyds Banking Group,Low Carbon,,50.0,10.0,United Kingdom,solar,,https://www.deepskyclimate.com/blog/low-carbon-signs-long-term-power-purchase-agreement-with-carbon-removal-project-developer-deep-sky,Deep Sky Climate,2025-01-08,Two UK solar farms
8,N,,2025-01,2026-06-10,Tion Renewables,X-Elio,50.0,,,Spain,solar,,https://forbes.es/empresas/585004/x-elio-vende-a-tion-renewables-una-planta-solar-de-50-mw-en-almeria/,Forbes España,2025-01-07,"50 MW solar plant in Almería; supplies ~25,000 households annually"
7,N,,2023,2026-06-10,"Qualitas Energy, Northleaf Capital Partners",China Three Gorges Spain,494.0,,10.0,Spain,solar,,https://www.laverdad.es/murcia/otros-municipios/macroplanta-solar-mula-vendida-empresa-estatal-china-20241231111916-nt.html,La Verdad,2025-01-02,Macroplanta solar de Mula; energy sold to an international energy company with investment grade; connection to Subestación Transformadora de El Palmar
6,N,,2023-11,2026-06-10,"ArcelorMittal Belgium, federal government",federal government,,,,Belgium,other,,https://www.belganewsagency.eu/arcelormittal-to-halt-activity-in-south-africa-3500-jobs-threatened,belganewsagency.eu,2025-01-06,Greening project at Ghent site — power purchase agreement with federal government and financing agreement with Flemish government
5,N,,2025-01-02,2026-06-10,Qair France,Renewables Infrastructure Group (TRIG),,,,France,wind onshore,,https://hydrogeneurope.eu/trig-will-power-the-hydocc-h2-project-with-electricity-from-two-of-its-french-wind-farms/,Hydrogen Europe,2025-01-02,"Hyd’Occ H2 project in Port-la Nouvelle; green hydrogen production; project under construction, planned commissioning in 2025"
4,N,,2025-01-06,2026-06-10,Evolve Energy,Shell Energy Europe Ltd,,4200.0,6.0,United Kingdom,mixed,,https://www.solarpowerportal.co.uk/solar-finance/evolve-energy-joins-forces-with-shell-energy-europe,Solar Power Portal,2025-01-06,Long-term trading agreement providing access to renewable energy assets and commodity hedging services; Evolve Energy aims to grow power supply from 1.2TWh to 4.2TWh per annum by 2031
3,N,,2024-11,2026-06-10,Amazon,Aer Soléir,35.4,,,Greece,wind onshore,,https://www.powermag.com/amazon-supports-three-new-wind-farms-in-greece/,POWER Magazine,2025-01-02,"Mesokorfi Wind Farm; project under construction, expected operational in 2026"
2,N,,2024-11,2026-06-10,Amazon,Aer Soléir,29.5,,,Greece,wind onshore,,https://www.powermag.com/amazon-supports-three-new-wind-farms-in-greece/,POWER Magazine,2025-01-02,"Koukouras Wind Farm; project under construction, expected operational in 2026"
1,N,,2024-11,2026-06-10,Amazon,Aer Soléir,44.4,,,Greece,wind onshore,,https://www.powermag.com/amazon-supports-three-new-wind-farms-in-greece/,POWER Magazine,2025-01-02,"Vermio Wind Farm (Vermio North and Vermio South); project under construction, expected operational in 2026"
